item_title,item_img
스윗드림바디필로우_라이언,https://t1.daumcdn.net/friends/prod/product/20210323104435630_8809721508671_AW_00.jpg
스윗드림바디필로우_라이언,https://t1.daumcdn.net/friends/prod/product/20210323104435667_8809721508671_AW_01.jpg
캔글라스 2P 세트,https://t1.daumcdn.net/friends/prod/product/20210308161745719_8809721508381_AW_00.jpg
캔글라스 2P 세트,https://t1.daumcdn.net/friends/prod/product/20210308161745863_8809721508381_AW_01.jpg
케이블홀더_리틀라이언,https://t1.daumcdn.net/friends/prod/product/20210304143717548_8809721507766_AW_00.jpg
케이블홀더_리틀라이언,https://t1.daumcdn.net/friends/prod/product/20210304143717582_8809721507766_AW_01.jpg
케이블홀더_리틀라이언,https://t1.daumcdn.net/friends/prod/product/20210304143717659_8809721507766_AW_02.jpg
멀티 등쿠션_라이언,https://t1.daumcdn.net/friends/prod/product/20210217143007770_8809721508299_AW_00.jpg
멀티 등쿠션_라이언,https://t1.daumcdn.net/friends/prod/product/20210217143007819_8809721508299_AW_01.jpg
소프트 상하의 파자마 남성용_라이언,https://t1.daumcdn.net/friends/prod/product/20210226112705141_8809721508039_AW_00.jpg
제트라인 3입_라이언과 춘식이,https://t1.daumcdn.net/friends/prod/product/20210210145249841_8809721508541_AW_00.jpg
제트라인 3입_라이언과 춘식이,https://t1.daumcdn.net/friends/prod/product/20210210145249874_8809721508541_AW_01.jpg
모나미 153 아이디_라이언,https://t1.daumcdn.net/friends/prod/product/20210222083315504_20210119110617297_8809721508114_8809721508114_AW_00.jpg
모나미 153 아이디_라이언,https://t1.daumcdn.net/friends/prod/product/20210119110838524_8809721508114_AW_01.jpg
라이언&춘식이 캔들워머,https://t1.daumcdn.net/friends/prod/product/20210107104053587_8809721507490_AW_00.jpg
라이언x프릳츠 에디션 인형,https://t1.daumcdn.net/friends/prod/product/20210217143112428_8809721508206_AW_00.jpg
라이언x프릳츠 에디션 인형,https://t1.daumcdn.net/friends/prod/product/20210217143112468_8809721508206_AW_01.jpg
라이언x프릳츠 에디션 에코백,https://t1.daumcdn.net/friends/prod/product/20210209161344486_8809721508251_AW_00.jpg
라이언x프릳츠 에디션 우드 트레이,https://t1.daumcdn.net/friends/prod/product/20210209161445913_8809721508237_AW_00.jpg
라이언x프릳츠 에디션 우드 트레이,https://t1.daumcdn.net/friends/prod/product/20210209161445947_8809721508237_AW_01.jpg
라이언x프릳츠 에디션 스푼&나이프,https://t1.daumcdn.net/friends/prod/product/20210209161538659_8809721508244_AW_00.jpg
라이언x프릳츠 에디션 스푼&나이프,https://t1.daumcdn.net/friends/prod/product/20210209161538746_8809721508244_AW_01.jpg
라이언x프릳츠 에디션 레트로 머그잔,https://t1.daumcdn.net/friends/prod/product/20210209161644907_8809721508213_AW_00.jpg
라이언x프릳츠 에디션 레트로 머그잔,https://t1.daumcdn.net/friends/prod/product/20210209161644940_8809721508213_AW_01.jpg
라이언x프릳츠 에디션 레트로 유리잔,https://t1.daumcdn.net/friends/prod/product/20210209161840402_8809721508220_AW_00.jpg
라이언x프릳츠 에디션 레트로 유리잔,https://t1.daumcdn.net/friends/prod/product/20210209161840437_8809721508220_AW_01.jpg
라이언 BGD-501 화이트_베이비지,https://t1.daumcdn.net/friends/prod/product/20210217143921780_8809721505458_AW_00.jpg
라이언 BGD-501 화이트_베이비지,https://t1.daumcdn.net/friends/prod/product/20210217143921810_8809721505458_AW_01.jpg
라이언 BGD-501 블랙_베이비지,https://t1.daumcdn.net/friends/prod/product/20210217143822320_8809721505465_AW_00.jpg
라이언 BGD-501 블랙_베이비지,https://t1.daumcdn.net/friends/prod/product/20210217143822506_8809721505465_AW_01.jpg
차량용 스티커_초보운전,https://t1.daumcdn.net/friends/prod/product/20210128155753208_8809721507735_AW_00.jpg
차량용 스티커_주유구 데코,https://t1.daumcdn.net/friends/prod/product/20210128160010769_8809721507759_AW_00.jpg
맥세이프 케이스_리틀 라이언,https://t1.daumcdn.net/friends/prod/product/20210202145712504_8809721508442_AW_00.jpg
맥세이프 케이스_리틀 라이언,https://t1.daumcdn.net/friends/prod/product/20210202145712568_8809721508442_AW_01.jpg
[온라인 전용]굿나잇 반달필로우_라이언,https://t1.daumcdn.net/friends/prod/product/20210120142537433_8809721507537_AW_00.jpg
[온라인 전용]굿나잇 반달필로우_라이언,https://t1.daumcdn.net/friends/prod/product/20210120142537472_8809721507537_AW_01.jpg
굿나잇 빅수면안대_라이언,https://t1.daumcdn.net/friends/prod/product/20210115115109774_8809721507513_AW_00.jpg
굿나잇 빅수면안대_라이언,https://t1.daumcdn.net/friends/prod/product/20210115115109847_8809721507513_AW_01.jpg
"흡착 고속무선충전 보조배터리 10,000mAh_리틀라이언",https://t1.daumcdn.net/friends/prod/product/20210114161653572_8809721507186_AW_00.jpg
BT 무선 키보드_라이언,https://t1.daumcdn.net/friends/prod/product/20210204145923852_8809721505618_AW_00.jpg
BT 무선 키보드_라이언,https://t1.daumcdn.net/friends/prod/product/20210204145923899_8809721505618_AW_01.jpg
BT 무선 마우스_라이언,https://t1.daumcdn.net/friends/prod/product/20210204150508831_8809721505632_AW_00.jpg
BT 무선 마우스_라이언,https://t1.daumcdn.net/friends/prod/product/20210204150508918_8809721505632_AW_01.jpg
전주_캐리어네임택_리틀라이언,https://t1.daumcdn.net/friends/prod/product/20191224142107915_8809641467102_AW_00.jpg
전주_캐리어네임택_리틀라이언,https://t1.daumcdn.net/friends/prod/product/20191224142107960_8809641467102_AW_01.jpg
전주_미니머그_라이언,https://t1.daumcdn.net/friends/prod/product/20191213181810261_8809681704465_AW_00.jpg
[전주]모음인형_비빔밥프렌즈,https://t1.daumcdn.net/friends/prod/product/20191213112345378_8809641468574_AW_00.jpg
[전주]모음인형_비빔밥프렌즈,https://t1.daumcdn.net/friends/prod/product/20191213112345450_8809641468574_AW_01.jpg
[전주]마그넷세트,https://t1.daumcdn.net/friends/prod/product/20191213144912919_8809641467126_AW_00.jpg
[전주]마그넷세트,https://t1.daumcdn.net/friends/prod/product/20191213144913063_8809641467126_AW_01.jpg
[전주]전주감래 윷놀이,https://t1.daumcdn.net/friends/prod/product/20191213113602783_8809656135058_AW_03.jpg
[전주]전주감래 윷놀이,https://t1.daumcdn.net/friends/prod/product/20191213113602639_8809656135058_AW_00.jpg
[전주]인형_갓라이언의서재,https://t1.daumcdn.net/friends/prod/product/20191227110443408_8809641468758_BW_00.jpg
[전주]인형_갓라이언의서재,https://t1.daumcdn.net/friends/prod/product/20191227110443639_8809641468758_BW_01.jpg
[전주]한옥브릭피규어,https://t1.daumcdn.net/friends/prod/product/8809641466921_AW_00.jpg
[전주]한옥브릭피규어,https://t1.daumcdn.net/friends/prod/product/20191213114328853_8809641466921_AW_02.jpg
[전주]한옥브릭피규어,https://t1.daumcdn.net/friends/prod/product/20191213114329031_8809641466921_AW_01.jpg
꿀잠메가바디필로우_라이언,https://t1.daumcdn.net/friends/prod/product/20210204123230655_8809721508084_AW_00.jpg
꿀잠메가바디필로우_라이언,https://t1.daumcdn.net/friends/prod/product/20210204123230820_8809721508084_AW_01.jpg
꿀잠메가바디필로우_라이언,https://t1.daumcdn.net/friends/prod/product/20210204123230871_8809721508084_AW_02.jpg
라이언X진라면 라면기,https://t1.daumcdn.net/friends/prod/product/20210115170419363_8809721508305_AW_00.jpg
라이언X진라면 라면기,https://t1.daumcdn.net/friends/prod/product/20210115170419391_8809721508305_AW_01.jpg
애플워치 충전 거치대 라이언,https://t1.daumcdn.net/friends/prod/product/20210106162413302_8809721507612_AW_00.jpg
애플워치 충전 거치대 라이언,https://t1.daumcdn.net/friends/prod/product/20210106162413477_8809721507612_AW_01.jpg
[온라인 전용]조명 무선 충전패드_라이언,https://t1.daumcdn.net/friends/prod/product/20210113105351938_8809721507780_AW_00.jpg
[온라인 전용]조명 무선 충전패드_라이언,https://t1.daumcdn.net/friends/prod/product/20210113105352048_8809721507780_AW_01.jpg
[8PIN]LED 케이블_라이언,https://t1.daumcdn.net/friends/prod/product/20201222181354399_8809721502952_AW_00.jpg
[8PIN]LED 케이블_라이언,https://t1.daumcdn.net/friends/prod/product/20201222181354430_8809721502952_AW_01.jpg
스마트 실리콘 무드등_라이언,https://t1.daumcdn.net/friends/prod/product/20210112105705962_8809721505823_AW_00.jpg
스마트 실리콘 무드등_라이언,https://t1.daumcdn.net/friends/prod/product/20210112105706096_8809721505823_AW_01.jpg
스마트 실리콘 무드등_라이언,https://t1.daumcdn.net/friends/prod/product/20210112105706242_8809721505823_AW_02.jpg
포켓텀블러_리틀라이언,https://t1.daumcdn.net/friends/prod/product/20201228181604453_8809721506912_AW_00.jpg
포켓텀블러_리틀라이언,https://t1.daumcdn.net/friends/prod/product/20201228181604494_8809721506912_AW_01.jpg
LED스탠드_무선충전_라이언,https://t1.daumcdn.net/friends/prod/product/20201224150900756_8809721505748_AW_00.jpg
LED스탠드_무선충전_라이언,https://t1.daumcdn.net/friends/prod/product/20201224150900817_8809721505748_AW_01.jpg
item_title,item_img
item_title,item_img
비접촉 스캔 체온계 어피치,https://t1.daumcdn.net/friends/prod/product/20210331200105786_8809721508862_AW_00.jpg
비접촉 스캔 체온계 어피치,https://t1.daumcdn.net/friends/prod/product/20210331200105819_8809721508862_AW_01.jpg
어피치x에스더버니 미니여행가방,https://t1.daumcdn.net/friends/prod/product/20210322173527542_8809721508565_AW_00.jpg
어피치x에스더버니 미니여행가방,https://t1.daumcdn.net/friends/prod/product/20210322173527583_8809721508565_AW_01.jpg
어피치x에스더버니 에어팟프로케이스,https://t1.daumcdn.net/friends/prod/product/20210312182410177_8809721508282_AW_00.jpg
어피치x에스더버니 에어팟프로케이스,https://t1.daumcdn.net/friends/prod/product/20210312182410218_8809721508282_AW_01.jpg
어피치x에스더버니 동전지갑,https://t1.daumcdn.net/friends/prod/product/20210318160315627_8809721508336_AW_00.jpg
어피치x에스더버니 동전지갑,https://t1.daumcdn.net/friends/prod/product/20210318160315678_8809721508336_AW_01.jpg
어피치x에스더버니 폰그립,https://t1.daumcdn.net/friends/prod/product/20210319171759644_8809721508329_AW_00.jpg
어피치x에스더버니 폰그립,https://t1.daumcdn.net/friends/prod/product/20210319171759726_8809721508329_AW_01.jpg
스윗드림바디필로우_어피치,https://t1.daumcdn.net/friends/prod/product/20210323104341671_8809721508688_AW_00.jpg
스윗드림바디필로우_어피치,https://t1.daumcdn.net/friends/prod/product/20210323104341707_8809721508688_AW_01.jpg
도킹형 보조배터리 4800mAh_어피치,https://t1.daumcdn.net/friends/prod/product/20210319174157934_8809721507421_AW_00.jpg
도킹형 보조배터리 4800mAh_어피치,https://t1.daumcdn.net/friends/prod/product/20210319174157966_8809721507421_AW_01.jpg
피치피치 토스터기,https://t1.daumcdn.net/friends/prod/product/20210308161640247_8809721507544_AW_00.jpg
피치피치 토스터기,https://t1.daumcdn.net/friends/prod/product/20210308161640375_8809721507544_AW_01.jpg
캔글라스 2P 세트,https://t1.daumcdn.net/friends/prod/product/20210308161745719_8809721508381_AW_00.jpg
캔글라스 2P 세트,https://t1.daumcdn.net/friends/prod/product/20210308161745863_8809721508381_AW_01.jpg
어피치x에스더버니 하트쿠션,https://t1.daumcdn.net/friends/prod/product/20210302173851469_8809721508350_AW_00.jpg
어피치x에스더버니 하트쿠션,https://t1.daumcdn.net/friends/prod/product/20210302173851603_8809721508350_AW_01.jpg
어피치x에스더버니 파자마,https://t1.daumcdn.net/friends/prod/product/20210303175818132_8809721508275_AW_00.jpg
어피치x에스더버니 세안밴드,https://t1.daumcdn.net/friends/prod/product/20210303141655192_8809721508312_AW_00.jpg
어피치x에스더버니 세안밴드,https://t1.daumcdn.net/friends/prod/product/20210303141655372_8809721508312_AW_01.jpg
케이블홀더_리틀어피치,https://t1.daumcdn.net/friends/prod/product/20210304143821211_8809721507773_AW_00.jpg
케이블홀더_리틀어피치,https://t1.daumcdn.net/friends/prod/product/20210304143821243_8809721507773_AW_01.jpg
케이블홀더_리틀어피치,https://t1.daumcdn.net/friends/prod/product/20210304143821387_8809721507773_AW_02.jpg
소프트 상하의 파자마 여성용_어피치,https://t1.daumcdn.net/friends/prod/product/20210226112559451_8809721508046_AW_00.jpg
손목보호인형_리틀어피치,https://t1.daumcdn.net/friends/prod/product/20210217104843954_8809721507940_AW_00.jpg
손목보호인형_리틀어피치,https://t1.daumcdn.net/friends/prod/product/20210217104843984_8809721507940_AW_01.jpg
프린세스 원피스 파자마_어피치,https://t1.daumcdn.net/friends/prod/product/20210216165320826_8809681701983_AW_00.jpg
차량용 인형 안전벨트 커버_리틀어피치,https://t1.daumcdn.net/friends/prod/product/20210202145938417_8809721507841_AW_00.jpg
차량용 인형 안전벨트 커버_리틀어피치,https://t1.daumcdn.net/friends/prod/product/20210202145938560_8809721507841_AW_01.jpg
차량용 슬림 도어가드_리틀어피치,https://t1.daumcdn.net/friends/prod/product/20210209143936944_8809721507834_AW_00.jpg
차량용 스티커_초보운전,https://t1.daumcdn.net/friends/prod/product/20210128155753208_8809721507735_AW_00.jpg
차량용 스티커_주유구 데코,https://t1.daumcdn.net/friends/prod/product/20210128160010769_8809721507759_AW_00.jpg
굿나잇 빅수면안대_어피치,https://t1.daumcdn.net/friends/prod/product/20210115115003366_8809721507520_AW_00.jpg
굿나잇 빅수면안대_어피치,https://t1.daumcdn.net/friends/prod/product/20210115115003441_8809721507520_AW_01.jpg
BT 무선 키보드_어피치,https://t1.daumcdn.net/friends/prod/product/20210204150249289_8809721505625_AW_00.jpg
BT 무선 키보드_어피치,https://t1.daumcdn.net/friends/prod/product/20210204150249616_8809721505625_AW_01.jpg
BT 무선 마우스_어피치,https://t1.daumcdn.net/friends/prod/product/20210204151629855_8809721505649_AW_00.jpg
BT 무선 마우스_어피치,https://t1.daumcdn.net/friends/prod/product/20210204151629890_8809721505649_AW_01.jpg
전주_미니인형_어피치,https://t1.daumcdn.net/friends/prod/product/20210129140600744_8809681707688_AW_00.jpg
전주_미니인형_어피치,https://t1.daumcdn.net/friends/prod/product/20210129140601131_8809681707688_AW_01.jpg
[전주]꾸밈스티커_복숭아어피치,https://t1.daumcdn.net/friends/prod/product/20210129141010582_8809641468604_AW_00.jpg
[전주]꾸밈스티커_복숭아어피치,https://t1.daumcdn.net/friends/prod/product/20210129141010623_8809641468604_AW_01.jpg
전주_노리개_어피치,https://t1.daumcdn.net/friends/prod/product/20191224142122662_8809681705363_AW_00.jpg
전주_노리개_어피치,https://t1.daumcdn.net/friends/prod/product/20191224142122809_8809681705363_AW_01.jpg
전주_캐리어네임택_리틀어피치,https://t1.daumcdn.net/friends/prod/product/20191224142135817_8809641467119_AW_00.jpg
전주_캐리어네임택_리틀어피치,https://t1.daumcdn.net/friends/prod/product/20191224142135866_8809641467119_AW_01.jpg
전주_미니머그_어피치,https://t1.daumcdn.net/friends/prod/product/20191213181820595_8809681704472_AW_00.jpg
[전주]모음인형_비빔밥프렌즈,https://t1.daumcdn.net/friends/prod/product/20191213112345378_8809641468574_AW_00.jpg
[전주]모음인형_비빔밥프렌즈,https://t1.daumcdn.net/friends/prod/product/20191213112345450_8809641468574_AW_01.jpg
[전주]마그넷세트,https://t1.daumcdn.net/friends/prod/product/20191213144912919_8809641467126_AW_00.jpg
[전주]마그넷세트,https://t1.daumcdn.net/friends/prod/product/20191213144913063_8809641467126_AW_01.jpg
[전주]전주감래 윷놀이,https://t1.daumcdn.net/friends/prod/product/20191213113602783_8809656135058_AW_03.jpg
[전주]전주감래 윷놀이,https://t1.daumcdn.net/friends/prod/product/20191213113602639_8809656135058_AW_00.jpg
[전주]한옥브릭피규어,https://t1.daumcdn.net/friends/prod/product/8809641466921_AW_00.jpg
[전주]한옥브릭피규어,https://t1.daumcdn.net/friends/prod/product/20191213114328853_8809641466921_AW_02.jpg
[전주]한옥브릭피규어,https://t1.daumcdn.net/friends/prod/product/20191213114329031_8809641466921_AW_01.jpg
꿀잠메가바디필로우_어피치,https://t1.daumcdn.net/friends/prod/product/20210204123314252_8809721508091_AW_00.jpg
꿀잠메가바디필로우_어피치,https://t1.daumcdn.net/friends/prod/product/20210204123314299_8809721508091_AW_01.jpg
꿀잠메가바디필로우_어피치,https://t1.daumcdn.net/friends/prod/product/20210204123314464_8809721508091_AW_02.jpg
애플워치 충전 거치대 어피치,https://t1.daumcdn.net/friends/prod/product/20210106162525564_8809721507629_AW_00.jpg
애플워치 충전 거치대 어피치,https://t1.daumcdn.net/friends/prod/product/20210106162525600_8809721507629_AW_01.jpg
[8PIN]LED 케이블_어피치,https://t1.daumcdn.net/friends/prod/product/20210112103348226_8809721502969_AW_00.jpg
포켓텀블러_리틀어피치,https://t1.daumcdn.net/friends/prod/product/20201228181704892_8809721506929_AW_00.jpg
포켓텀블러_리틀어피치,https://t1.daumcdn.net/friends/prod/product/20201228181705063_8809721506929_AW_01.jpg
2021 해피뉴이어 필로우_어피치,https://t1.daumcdn.net/friends/prod/product/20201222173630463_8809721507377_AW_00.jpg
2021 해피뉴이어 필로우_어피치,https://t1.daumcdn.net/friends/prod/product/20201222173631009_8809721507377_AW_01.jpg
2021 해피뉴이어 필로우_어피치,https://t1.daumcdn.net/friends/prod/product/20201222173631043_8809721507377_AW_02.jpg
LED USB 허브 3.0_어피치,https://t1.daumcdn.net/friends/prod/product/20201222114939972_8809721503171_AW_00.jpg
LED USB 허브 3.0_어피치,https://t1.daumcdn.net/friends/prod/product/20201222114940009_8809721503171_AW_01.jpg
APEACH LF 마그네틱 범퍼 케이스 SH,https://t1.daumcdn.net/friends/prod/product/20201218172817763_8809774323351_AW_00.jpg
APEACH LF 마그네틱 범퍼 케이스 SH,https://t1.daumcdn.net/friends/prod/product/20201218172817846_8809774323351_AW_01.jpg
item_title,item_img
차량용 스티커_아기가타고있어요,https://t1.daumcdn.net/friends/prod/product/20210128155844981_8809721507742_AW_00.jpg
[전주]모음인형_비빔밥프렌즈,https://t1.daumcdn.net/friends/prod/product/20191213112345378_8809641468574_AW_00.jpg
[전주]모음인형_비빔밥프렌즈,https://t1.daumcdn.net/friends/prod/product/20191213112345450_8809641468574_AW_01.jpg
[전주]마그넷세트,https://t1.daumcdn.net/friends/prod/product/20191213144912919_8809641467126_AW_00.jpg
[전주]마그넷세트,https://t1.daumcdn.net/friends/prod/product/20191213144913063_8809641467126_AW_01.jpg
윙크베이비필로우_무지,https://t1.daumcdn.net/friends/prod/product/20201208112512508_8809721507261_AW_00.jpg
윙크베이비필로우_무지,https://t1.daumcdn.net/friends/prod/product/20201208112512541_8809721507261_AW_01.jpg
윙크베이비필로우_무지,https://t1.daumcdn.net/friends/prod/product/20201208112513071_8809721507261_AW_02.jpg
구름폭신필로우_무지,https://t1.daumcdn.net/friends/prod/product/20201020152905998_8809721505922_AW_00.jpg
구름폭신필로우_무지,https://t1.daumcdn.net/friends/prod/product/20201020152906032_8809721505922_AW_01.jpg
업앤다운 무빙펜_무지,https://t1.daumcdn.net/friends/prod/product/20200922114919368_8809721504673_AW_00.jpg
하비스트 마그넷세트,https://t1.daumcdn.net/friends/prod/product/20200824173553303_8809721503614_AW_00.jpg
하비스트 마그넷세트,https://t1.daumcdn.net/friends/prod/product/20200824173553352_8809721503614_AW_01.jpg
카카오프렌즈 썸머쿨패치,https://t1.daumcdn.net/friends/prod/product/20200720152951900_8809721504598_AW_00.jpg
스마트 체중계,https://t1.daumcdn.net/friends/prod/product/20200706135027213_%EB%8C%80%ED%91%9C%EC%9D%B4%EB%AF%B8%EC%A7%80_Scale_01.jpg
스마트 체중계,https://t1.daumcdn.net/friends/prod/product/20200706135027268_%EB%8C%80%ED%91%9C%EC%9D%B4%EB%AF%B8%EC%A7%80_Scale_02.jpg
카카오프렌즈 홈 피규어,https://t1.daumcdn.net/friends/prod/product/20200706154536198_%EB%9D%BC%EC%9D%B4%EC%96%B8_%ED%94%BC%EA%B7%9C%EC%96%B4_%EB%8C%80%ED%91%9C%EC%9D%B4%EB%AF%B8%EC%A7%801.jpg
카카오프렌즈 홈 피규어,https://t1.daumcdn.net/friends/prod/product/20200706154536307_%EC%96%B4%ED%94%BC%EC%B9%98_%ED%94%BC%EA%B7%9C%EC%96%B4_%EB%8C%80%ED%91%9C%EC%9D%B4%EB%AF%B8%EC%A7%801.jpg
프렌즈뱃지_당근 무지,https://t1.daumcdn.net/friends/prod/product/20200709185423529_8809721503089_AW_00.jpg
프렌즈뱃지_당근 무지,https://t1.daumcdn.net/friends/prod/product/20200709185423568_8809721503089_AW_01.jpg
프렌즈뱃지_리틀무지,https://t1.daumcdn.net/friends/prod/product/20200709185502978_8809721503119_AW_00.jpg
프렌즈뱃지_리틀무지,https://t1.daumcdn.net/friends/prod/product/20200709185503007_8809721503119_AW_01.jpg
후드 동전지갑_무지,https://t1.daumcdn.net/friends/prod/product/20200625154943384_8809721502594_AW_00.jpg
후드 동전지갑_무지,https://t1.daumcdn.net/friends/prod/product/20200625154943547_8809721502594_AW_01.jpg
실리콘 동전지갑_리틀무지,https://t1.daumcdn.net/friends/prod/product/20200708151957234_8809721502556_AW_00.jpg
소프트 카드지갑_무지,https://t1.daumcdn.net/friends/prod/product/20200708152038175_8809721502938_AW_00.jpg
피규어 에어팟키링_무지,https://t1.daumcdn.net/friends/prod/product/20200708185511910_8809721502440_AW_00.jpg
피규어 에어팟키링_무지,https://t1.daumcdn.net/friends/prod/product/20200708185511978_8809721502440_AW_01.jpg
큐브 에어팟키링_리틀무지,https://t1.daumcdn.net/friends/prod/product/20200708185834809_8809721502488_AW_00.jpg
큐브 에어팟키링_리틀무지,https://t1.daumcdn.net/friends/prod/product/20200708185835275_8809721502488_AW_01.jpg
글리터 에어팟키링_리틀무지,https://t1.daumcdn.net/friends/prod/product/20200708184023887_8809721502365_AW_00.jpg
글리터 에어팟키링_리틀무지,https://t1.daumcdn.net/friends/prod/product/20200708184023927_8809721502365_AW_01.jpg
아크릴 키링_리틀무지,https://t1.daumcdn.net/friends/prod/product/20200710152012790_8809721502402_AW_00.jpg
아크릴 키링_리틀무지,https://t1.daumcdn.net/friends/prod/product/20200708184614616_8809721502402_AW_01.jpg
피규어키링 리틀무지,https://t1.daumcdn.net/friends/prod/product/20200603134202518_8809721500170_AW_00.jpg
피규어키링 리틀무지,https://t1.daumcdn.net/friends/prod/product/20200603134202644_8809721500170_AW_01.jpg
체크 헤어타이_무지,https://t1.daumcdn.net/friends/prod/product/20200626160132034_8809721502686_AW_00.jpg
체크 헤어타이_무지,https://t1.daumcdn.net/friends/prod/product/20200626160132098_8809721502686_AW_01.jpg
비치펍 펼침부채 무지,https://t1.daumcdn.net/friends/prod/product/20200605115025332_8809721501467_AW_01.jpg
마린 페이스키체인_무지,https://t1.daumcdn.net/friends/prod/product/20200605122034038_8809721501689_AW_00.jpg
마린 페이스키체인_무지,https://t1.daumcdn.net/friends/prod/product/20200605122034079_8809721501689_AW_01.jpg
마린 에어팟키링_무지&콘,https://t1.daumcdn.net/friends/prod/product/20200604114755876_8809721501139_AW_00.jpg
마린 에어팟키링_무지&콘,https://t1.daumcdn.net/friends/prod/product/20200604114755913_8809721501139_AW_01.jpg
솔리드 에코백_무지,https://t1.daumcdn.net/friends/prod/product/20200604145033299_8809721502273_AW_00.jpg
베이비드리밍 피규어키체인 무지,https://t1.daumcdn.net/friends/prod/product/20200423180103581_8809681706841_AW_00_(1).jpg
베이비드리밍 피규어키체인 무지,https://t1.daumcdn.net/friends/prod/product/20200423180103728_8809681706841_AW_01_(1).jpg
해피위크 젤펜 당근무지,https://t1.daumcdn.net/friends/prod/product/20200525144842473_8809721500583_AW_00.jpg
해피위크 젤펜 당근무지,https://t1.daumcdn.net/friends/prod/product/20200525144842515_8809721500583_AW_01.jpg
카카오프렌즈 메모리 게임,https://t1.daumcdn.net/friends/prod/product/20200428160543202_8809617958696_AW_00.jpg
카카오프렌즈 메모리 게임,https://t1.daumcdn.net/friends/prod/product/20200428160543244_8809617958696_AW_01.jpg
미니손거울_리틀무지,https://t1.daumcdn.net/friends/prod/product/20200427165909182_8809721500477_AW_00.jpg
미니손거울_리틀무지,https://t1.daumcdn.net/friends/prod/product/20200427165909252_8809721500477_AW_01.jpg
해피위크 봉제필통 무지,https://t1.daumcdn.net/friends/prod/product/20200428175648141_8809681709323_AW_00.jpg
해피위크 봉제필통 무지,https://t1.daumcdn.net/friends/prod/product/20200428175648316_8809681709323_AW_01.jpg
해피위크 봉제필통 무지,https://t1.daumcdn.net/friends/prod/product/20200428175648417_8809681709323_AW_02.jpg
에어팟케이스 리틀무지,https://t1.daumcdn.net/friends/prod/product/20200810185919277_8809681708753_AW_00.jpg
에어팟케이스 리틀무지,https://t1.daumcdn.net/friends/prod/product/20200810185919443_8809681708753_AW_01.jpg
프렌즈미디움삭스(공용) 해피위크,https://t1.daumcdn.net/friends/prod/product/20200331175657701_8809681709743_AW_00.jpg
프렌즈미디움삭스(공용) 해피위크,https://t1.daumcdn.net/friends/prod/product/20200331175657793_8809681709743_AW_01.jpg
베이비드리밍 드림키체인 무지,https://t1.daumcdn.net/friends/prod/product/20200331171606264_8809681706810_AW_00.jpg
베이비드리밍 드림키체인 무지,https://t1.daumcdn.net/friends/prod/product/20200331171606416_8809681706810_AW_01.jpg
프렌즈스토리삭스(여성) 춘곤증,https://t1.daumcdn.net/friends/prod/product/20200331180549121_8809681709644_AW_00.jpg
에어팟케이스 해피위크-무지&콘,https://t1.daumcdn.net/friends/prod/product/20200810172919806_8809681708814_AW_00.jpg
에어팟케이스 해피위크-무지&콘,https://t1.daumcdn.net/friends/prod/product/20200810172919858_8809681708814_AW_01.jpg
파버카스텔 색연필 36색,https://t1.daumcdn.net/friends/prod/product/20200312165213903_8991761364031_8991761364031_AW_00.jpg
파버카스텔 색연필 36색,https://t1.daumcdn.net/friends/prod/product/20200312165213943_8991761364031_8991761364031_AW_01.jpg
베이비드리밍 육공다이어리내지-구름,https://t1.daumcdn.net/friends/prod/product/20200311184236213_8809681707053_AW_00.jpg
베이비드리밍 육공다이어리내지-구름,https://t1.daumcdn.net/friends/prod/product/20200312105523614_8809681707053_AW_01.jpg
베이비드리밍 육공다이어리내지-기차,https://t1.daumcdn.net/friends/prod/product/20200311183949652_8809681707046_AW_00.jpg
베이비드리밍 육공다이어리내지-기차,https://t1.daumcdn.net/friends/prod/product/20200312105550917_8809681707046_AW_01.jpg
베이비드리밍 인덱스스티커-요일표시,https://t1.daumcdn.net/friends/prod/product/20200311185623692_8809681707091_AW_00.jpg
item_title,item_img
전주_미니인형_프로도,https://t1.daumcdn.net/friends/prod/product/20210129140814707_8809681707701_AW_00.jpg
전주_미니인형_프로도,https://t1.daumcdn.net/friends/prod/product/20210129140814745_8809681707701_AW_01.jpg
[전주]꾸밈스티커_도련님프로도,https://t1.daumcdn.net/friends/prod/product/20210129141205133_8809641468611_AW_00.jpg
[전주]꾸밈스티커_도련님프로도,https://t1.daumcdn.net/friends/prod/product/20210129141205165_8809641468611_AW_01.jpg
[전주]모음인형_비빔밥프렌즈,https://t1.daumcdn.net/friends/prod/product/20191213112345378_8809641468574_AW_00.jpg
[전주]모음인형_비빔밥프렌즈,https://t1.daumcdn.net/friends/prod/product/20191213112345450_8809641468574_AW_01.jpg
[전주]마그넷세트,https://t1.daumcdn.net/friends/prod/product/20191213144912919_8809641467126_AW_00.jpg
[전주]마그넷세트,https://t1.daumcdn.net/friends/prod/product/20191213144913063_8809641467126_AW_01.jpg
윙크베이비필로우_프로도,https://t1.daumcdn.net/friends/prod/product/20201208112930174_8809721507292_AW_00.jpg
윙크베이비필로우_프로도,https://t1.daumcdn.net/friends/prod/product/20201208112930207_8809721507292_AW_01.jpg
윙크베이비필로우_프로도,https://t1.daumcdn.net/friends/prod/product/20201208112930243_8809721507292_AW_02.jpg
카카오프렌즈 썸머쿨패치,https://t1.daumcdn.net/friends/prod/product/20200720152951900_8809721504598_AW_00.jpg
프렌즈뱃지_리틀프로도,https://t1.daumcdn.net/friends/prod/product/20200709185526911_8809721503133_AW_00.jpg
프렌즈뱃지_리틀프로도,https://t1.daumcdn.net/friends/prod/product/20200709185526948_8809721503133_AW_01.jpg
피규어키링 리틀프로도,https://t1.daumcdn.net/friends/prod/product/20200603134357606_8809721500194_AW_00.jpg
피규어키링 리틀프로도,https://t1.daumcdn.net/friends/prod/product/20200603134357650_8809721500194_AW_01.jpg
해피위크 젤펜 냠냠프로도,https://t1.daumcdn.net/friends/prod/product/20200525144956151_8809721500804_AW_00.jpg
해피위크 젤펜 냠냠프로도,https://t1.daumcdn.net/friends/prod/product/20200525144956206_8809721500804_AW_01.jpg
카카오프렌즈 메모리 게임,https://t1.daumcdn.net/friends/prod/product/20200428160543202_8809617958696_AW_00.jpg
카카오프렌즈 메모리 게임,https://t1.daumcdn.net/friends/prod/product/20200428160543244_8809617958696_AW_01.jpg
리틀얼굴쿠션 프로도,https://t1.daumcdn.net/friends/prod/product/20200429151905119_8809681709538_AW_00.jpg
리틀얼굴쿠션 프로도,https://t1.daumcdn.net/friends/prod/product/20200429151905172_8809681709538_AW_01.jpg
에어팟케이스 리틀프로도,https://t1.daumcdn.net/friends/prod/product/20200810185905369_8809681708760_AW_00.jpg
에어팟케이스 리틀프로도,https://t1.daumcdn.net/friends/prod/product/20200810185905414_8809681708760_AW_01.jpg
베이비드리밍 러블리애착인형 프로도,https://t1.daumcdn.net/friends/prod/product/20200331164738031_8809681706896_AW_00.jpg
파버카스텔 색연필 36색,https://t1.daumcdn.net/friends/prod/product/20200312165213903_8991761364031_8991761364031_AW_00.jpg
파버카스텔 색연필 36색,https://t1.daumcdn.net/friends/prod/product/20200312165213943_8991761364031_8991761364031_AW_01.jpg
해피위크 A5 스프링노트-프로도,https://t1.daumcdn.net/friends/prod/product/20200312153309589_8809681708913_8809681708913_AW_00.jpg
베이비드리밍 육공다이어리내지-구름,https://t1.daumcdn.net/friends/prod/product/20200311184236213_8809681707053_AW_00.jpg
베이비드리밍 육공다이어리내지-구름,https://t1.daumcdn.net/friends/prod/product/20200312105523614_8809681707053_AW_01.jpg
베이비드리밍 육공다이어리내지-기차,https://t1.daumcdn.net/friends/prod/product/20200311183949652_8809681707046_AW_00.jpg
베이비드리밍 육공다이어리내지-기차,https://t1.daumcdn.net/friends/prod/product/20200312105550917_8809681707046_AW_01.jpg
베이비드리밍 인덱스스티커-프렌즈,https://t1.daumcdn.net/friends/prod/product/20200311185353841_8809681707084_AW_00.jpg
베이비드리밍 인덱스스티커-요일표시,https://t1.daumcdn.net/friends/prod/product/20200311185623692_8809681707091_AW_00.jpg
베이비드리밍 TPU케이스 리틀프렌즈,https://t1.daumcdn.net/friends/prod/product/20200312114942978_8809681706315_AW_00.jpg
해피위크 모나미153(4개)_어피치와 친구들,https://t1.daumcdn.net/friends/prod/product/20200213115416315_8809681707619_AW_00.jpg
해피위크 모나미153(4개)_어피치와 친구들,https://t1.daumcdn.net/friends/prod/product/20200213115416390_8809681707619_AW_01.jpg
해피위크 슬림데스크매트_핑크,https://t1.daumcdn.net/friends/prod/product/20200213113425221_8809681707404_AW_00.jpg
해피위크 다이어리데코스티커,https://t1.daumcdn.net/friends/prod/product/b00.jpg
해피위크 다이어리데코스티커,https://t1.daumcdn.net/friends/prod/product/b01.jpg
츄파춥스 스프링서프라이즈,https://t1.daumcdn.net/friends/prod/product/20200205142646209_8410031969795_AW_01.jpg
스티커보드No.1_디저트,https://t1.daumcdn.net/friends/prod/product/20190911105617986_8809641469700_AW_02.jpg
프렌즈스토리삭스(여성)_러브스토리,https://t1.daumcdn.net/friends/prod/product/20191022115640670_8809681702461_AW_00.jpg
프렌즈스토리삭스(여성)_러브스토리,https://t1.daumcdn.net/friends/prod/product/20191022115640907_8809681702461_AW_01.jpg
애견 부클 후리스_프로도,https://t1.daumcdn.net/friends/prod/product/8809681701624_AW_00.jpg
애견 리드줄_프로도,https://t1.daumcdn.net/friends/prod/product/8809681701662_AW_00.jpg
애견 리드줄_프로도,https://t1.daumcdn.net/friends/prod/product/8809681701662_AW_01.jpg
애견 배변봉투 케이스_프로도,https://t1.daumcdn.net/friends/prod/product/8809681700887_AW_00.jpg
애견 배변봉투 케이스_프로도,https://t1.daumcdn.net/friends/prod/product/8809681700887_AW_01.jpg
스케이트-하이 리이슈,https://t1.daumcdn.net/friends/prod/product/193392355169_SK8-Hi_Reissue(Chrctrylbl)_230_AW_00.jpg
임팩트 민트,https://t1.daumcdn.net/friends/prod/product/impact_mint_AW_00_ryan.jpg
임팩트 민트,https://t1.daumcdn.net/friends/prod/product/impact_mint_AW_00_apeach.jpg
임팩트 민트,https://t1.daumcdn.net/friends/prod/product/impact_mint_AW_00_muzi.jpg
임팩트 민트,https://t1.daumcdn.net/friends/prod/product/impact_mint_AW_00_neo.jpg
임팩트 민트,https://t1.daumcdn.net/friends/prod/product/impact_mint_AW_00_frodo.jpg
미니얼굴쿠션_프로도,https://t1.daumcdn.net/friends/prod/product/20191025150006881_8809641463036_AW_00.jpg
미니얼굴쿠션_프로도,https://t1.daumcdn.net/friends/prod/product/20191025150006920_8809641463036_AW_01.jpg
허그미프렌즈_네오와프로도,https://t1.daumcdn.net/friends/prod/product/20191030154338895_8809641462688_AW_00.jpg
허그미프렌즈_네오와프로도,https://t1.daumcdn.net/friends/prod/product/20191030154339034_8809641462688_AW_01.jpg
리틀프렌즈핸디부채-프로도,https://t1.daumcdn.net/friends/prod/product/FRPBFRLFF0017_AW_00.jpg
리틀프렌즈핸디부채-프로도,https://t1.daumcdn.net/friends/prod/product/FRPBFRLFF0017_AW_01.jpg
25cm인형리틀프렌즈-프로도,https://t1.daumcdn.net/friends/prod/product/20191030164827106_FRPBFRLFT0012_AW_00.jpg
25cm인형리틀프렌즈-프로도,https://t1.daumcdn.net/friends/prod/product/20191030164827274_FRPBFRLFT0012_AW_01.jpg
item_title,item_img
전주_미니인형_네오,https://t1.daumcdn.net/friends/prod/product/20210129140702759_8809681707695_AW_00.jpg
전주_미니인형_네오,https://t1.daumcdn.net/friends/prod/product/20210129140703060_8809681707695_AW_01.jpg
[전주]전주감래 윷놀이,https://t1.daumcdn.net/friends/prod/product/20191213113602783_8809656135058_AW_03.jpg
[전주]전주감래 윷놀이,https://t1.daumcdn.net/friends/prod/product/20191213113602639_8809656135058_AW_00.jpg
윙크베이비필로우_네오,https://t1.daumcdn.net/friends/prod/product/20201208112757433_8809721507285_AW_00.jpg
윙크베이비필로우_네오,https://t1.daumcdn.net/friends/prod/product/20201208112757511_8809721507285_AW_01.jpg
윙크베이비필로우_네오,https://t1.daumcdn.net/friends/prod/product/20201208112757565_8809721507285_AW_02.jpg
업앤다운 무빙펜_네오,https://t1.daumcdn.net/friends/prod/product/20201023150009051_8809721504697_AW_00.jpg
카카오프렌즈 썸머쿨패치,https://t1.daumcdn.net/friends/prod/product/20200720152951900_8809721504598_AW_00.jpg
프렌즈뱃지_리틀네오,https://t1.daumcdn.net/friends/prod/product/20200709185515209_8809721503126_AW_00.jpg
프렌즈뱃지_리틀네오,https://t1.daumcdn.net/friends/prod/product/20200709185515249_8809721503126_AW_01.jpg
소프트 카드지갑_네오,https://t1.daumcdn.net/friends/prod/product/20200708152045244_8809721502945_AW_00.jpg
글리터 에어팟키링_리틀네오,https://t1.daumcdn.net/friends/prod/product/20200708184125377_8809721502372_AW_00.jpg
글리터 에어팟키링_리틀네오,https://t1.daumcdn.net/friends/prod/product/20200708184125530_8809721502372_AW_01.jpg
피규어키링 리틀네오,https://t1.daumcdn.net/friends/prod/product/20200706141821768_8809721500187_AW_00.jpg
피규어키링 리틀네오,https://t1.daumcdn.net/friends/prod/product/20200706141821930_8809721500187_AW_01.jpg
인형 헤어핀_리틀네오,https://t1.daumcdn.net/friends/prod/product/20200626155720124_8809721502655_AW_00.jpg
인형 헤어핀_리틀네오,https://t1.daumcdn.net/friends/prod/product/20200626155720167_8809721502655_AW_01.jpg
폴딩 미러 리틀네오,https://t1.daumcdn.net/friends/prod/product/20200522114108881_8809681706414_AW_00.jpg
폴딩 미러 리틀네오,https://t1.daumcdn.net/friends/prod/product/20200522114108920_8809681706414_AW_01.jpg
PVC투명여권지갑 리틀 네오,https://t1.daumcdn.net/friends/prod/product/20200518120658461_8809681708494_AW_00.jpg
PVC투명여권지갑 리틀 네오,https://t1.daumcdn.net/friends/prod/product/20200518120658513_8809681708494_AW_01.jpg
실리콘 네임택 리틀 네오,https://t1.daumcdn.net/friends/prod/product/20200519113935729_8809681708432_AW_00.jpg
실리콘 네임택 리틀 네오,https://t1.daumcdn.net/friends/prod/product/20200519113935778_8809681708432_AW_01.jpg
카카오프렌즈 메모리 게임,https://t1.daumcdn.net/friends/prod/product/20200428160543202_8809617958696_AW_00.jpg
카카오프렌즈 메모리 게임,https://t1.daumcdn.net/friends/prod/product/20200428160543244_8809617958696_AW_01.jpg
리틀얼굴쿠션 네오,https://t1.daumcdn.net/friends/prod/product/20200429151957696_8809681709545_AW_00.jpg
리틀얼굴쿠션 네오,https://t1.daumcdn.net/friends/prod/product/20200429151957770_8809681709545_AW_01.jpg
미니손거울_리틀네오,https://t1.daumcdn.net/friends/prod/product/20200427165821651_8809721500460_AW_00.jpg
미니손거울_리틀네오,https://t1.daumcdn.net/friends/prod/product/20200427165821683_8809721500460_AW_01.jpg
에어팟케이스 리틀네오,https://t1.daumcdn.net/friends/prod/product/20200810185855175_8809681708777_AW_00.jpg
에어팟케이스 리틀네오,https://t1.daumcdn.net/friends/prod/product/20200810185855217_8809681708777_AW_01.jpg
베이비드리밍 러블리애착인형 네오,https://t1.daumcdn.net/friends/prod/product/20200331164710886_8809681706889_AW_00.jpg
베이비드리밍 타이니프렌즈 네오,https://t1.daumcdn.net/friends/prod/product/20200331165100008_8809681706773_AW_00.jpg
베이비드리밍 타이니프렌즈 네오,https://t1.daumcdn.net/friends/prod/product/20200331165100046_8809681706773_AW_01.jpg
파버카스텔 색연필 36색,https://t1.daumcdn.net/friends/prod/product/20200312165213903_8991761364031_8991761364031_AW_00.jpg
파버카스텔 색연필 36색,https://t1.daumcdn.net/friends/prod/product/20200312165213943_8991761364031_8991761364031_AW_01.jpg
베이비드리밍 육공다이어리내지-구름,https://t1.daumcdn.net/friends/prod/product/20200311184236213_8809681707053_AW_00.jpg
베이비드리밍 육공다이어리내지-구름,https://t1.daumcdn.net/friends/prod/product/20200312105523614_8809681707053_AW_01.jpg
베이비드리밍 육공다이어리내지-기차,https://t1.daumcdn.net/friends/prod/product/20200311183949652_8809681707046_AW_00.jpg
베이비드리밍 육공다이어리내지-기차,https://t1.daumcdn.net/friends/prod/product/20200312105550917_8809681707046_AW_01.jpg
베이비드리밍 인덱스스티커-프렌즈,https://t1.daumcdn.net/friends/prod/product/20200311185353841_8809681707084_AW_00.jpg
베이비드리밍 인덱스스티커-요일표시,https://t1.daumcdn.net/friends/prod/product/20200311185623692_8809681707091_AW_00.jpg
베이비드리밍 TPU케이스 리틀프렌즈,https://t1.daumcdn.net/friends/prod/product/20200312114942978_8809681706315_AW_00.jpg
해피위크 모나미153(4개)_어피치와 친구들,https://t1.daumcdn.net/friends/prod/product/20200213115416315_8809681707619_AW_00.jpg
해피위크 모나미153(4개)_어피치와 친구들,https://t1.daumcdn.net/friends/prod/product/20200213115416390_8809681707619_AW_01.jpg
해피위크 다이어리데코스티커,https://t1.daumcdn.net/friends/prod/product/b00.jpg
해피위크 다이어리데코스티커,https://t1.daumcdn.net/friends/prod/product/b01.jpg
츄파춥스 스프링서프라이즈,https://t1.daumcdn.net/friends/prod/product/20200205142646209_8410031969795_AW_01.jpg
미니파우치 네오,https://t1.daumcdn.net/friends/prod/product/20200123143524749_8809681706506_AW_00.jpg
아크릴 에어팟 키링 리틀네오,https://t1.daumcdn.net/friends/prod/product/20200108151559606_8809681706544_AW_00.jpg
아크릴 에어팟 키링 리틀네오,https://t1.daumcdn.net/friends/prod/product/20200108151559654_8809681706544_AW_01.jpg
동전지갑-리틀네오,https://t1.daumcdn.net/friends/prod/product/20190917114352559_8809681700146_AW_00.jpg
동전지갑-리틀네오,https://t1.daumcdn.net/friends/prod/product/20190920174311274_8809681700146_AW_01.jpg
스티커보드No.1_디저트,https://t1.daumcdn.net/friends/prod/product/20190911105617986_8809641469700_AW_02.jpg
프렌즈스토리삭스(여성)_러브스토리,https://t1.daumcdn.net/friends/prod/product/20191022115640670_8809681702461_AW_00.jpg
프렌즈스토리삭스(여성)_러브스토리,https://t1.daumcdn.net/friends/prod/product/20191022115640907_8809681702461_AW_01.jpg
모나미4P세트_리틀네오,https://t1.daumcdn.net/friends/prod/product/20190925152311686_8809656138196_AW_00.jpg
모나미4P세트_리틀네오,https://t1.daumcdn.net/friends/prod/product/20190925152311899_8809656138196_AW_01.jpg
에어팟키링-리틀네오,https://t1.daumcdn.net/friends/prod/product/20190925141812100_8809656137427_AW_00.jpg
스케이트-하이 리이슈,https://t1.daumcdn.net/friends/prod/product/193392355169_SK8-Hi_Reissue(Chrctrylbl)_230_AW_00.jpg
임팩트 민트,https://t1.daumcdn.net/friends/prod/product/impact_mint_AW_00_ryan.jpg
임팩트 민트,https://t1.daumcdn.net/friends/prod/product/impact_mint_AW_00_apeach.jpg
임팩트 민트,https://t1.daumcdn.net/friends/prod/product/impact_mint_AW_00_muzi.jpg
임팩트 민트,https://t1.daumcdn.net/friends/prod/product/impact_mint_AW_00_neo.jpg
임팩트 민트,https://t1.daumcdn.net/friends/prod/product/impact_mint_AW_00_frodo.jpg
미니얼굴쿠션_네오,https://t1.daumcdn.net/friends/prod/product/20191025145952160_8809641463029_AW_00.jpg
미니얼굴쿠션_네오,https://t1.daumcdn.net/friends/prod/product/20191025145952542_8809641463029_AW_01.jpg
허그미프렌즈_네오와프로도,https://t1.daumcdn.net/friends/prod/product/20191030154338895_8809641462688_AW_00.jpg
허그미프렌즈_네오와프로도,https://t1.daumcdn.net/friends/prod/product/20191030154339034_8809641462688_AW_01.jpg
item_title,item_img
스윗드림바디필로우_튜브,https://t1.daumcdn.net/friends/prod/product/20210323104248253_8809721508695_AW_00.jpg
스윗드림바디필로우_튜브,https://t1.daumcdn.net/friends/prod/product/20210323104248332_8809721508695_AW_01.jpg
캔글라스 2P 세트,https://t1.daumcdn.net/friends/prod/product/20210308161745719_8809721508381_AW_00.jpg
캔글라스 2P 세트,https://t1.daumcdn.net/friends/prod/product/20210308161745863_8809721508381_AW_01.jpg
[전주]꾸밈스티커_도자튜브,https://t1.daumcdn.net/friends/prod/product/20210129141059685_8809641468598_AW_00.jpg
[전주]꾸밈스티커_도자튜브,https://t1.daumcdn.net/friends/prod/product/20210129141059721_8809641468598_AW_01.jpg
[전주]전주감래 윷놀이,https://t1.daumcdn.net/friends/prod/product/20191213113602783_8809656135058_AW_03.jpg
[전주]전주감래 윷놀이,https://t1.daumcdn.net/friends/prod/product/20191213113602639_8809656135058_AW_00.jpg
노드그린필로소퍼_튜브,https://t1.daumcdn.net/friends/prod/product/20201215154957397_5714205021887_AW_00.jpg
윙크베이비필로우_튜브,https://t1.daumcdn.net/friends/prod/product/20201208112640018_8809721507278_AW_00.jpg
윙크베이비필로우_튜브,https://t1.daumcdn.net/friends/prod/product/20201208112640147_8809721507278_AW_01.jpg
윙크베이비필로우_튜브,https://t1.daumcdn.net/friends/prod/product/20201208112640259_8809721507278_AW_02.jpg
업앤다운 무빙펜_튜브,https://t1.daumcdn.net/friends/prod/product/20200921111438229_8809721504680_AW_00.jpg
페이스타입 헤어스트링_튜브,https://t1.daumcdn.net/friends/prod/product/20200814174722947_8809721505045_AW_00.jpg
페이스타입 헤어스트링_튜브,https://t1.daumcdn.net/friends/prod/product/20200814174722980_8809721505045_AW_01.jpg
카카오프렌즈 썸머쿨패치,https://t1.daumcdn.net/friends/prod/product/20200720152951900_8809721504598_AW_00.jpg
젤펜_드리밍 리틀튜브,https://t1.daumcdn.net/friends/prod/product/20200710180828879_8809721500620_AW_00.jpg
젤펜_드리밍 리틀튜브,https://t1.daumcdn.net/friends/prod/product/20200710180828950_8809721500620_AW_01.jpg
프렌즈뱃지_리틀튜브,https://t1.daumcdn.net/friends/prod/product/20200709185538884_8809721503140_AW_00.jpg
프렌즈뱃지_리틀튜브,https://t1.daumcdn.net/friends/prod/product/20200709185538977_8809721503140_AW_01.jpg
카드&동전지갑_리틀튜브,https://t1.daumcdn.net/friends/prod/product/20200625154646553_8809721502624_AW_00.jpg
카드&동전지갑_리틀튜브,https://t1.daumcdn.net/friends/prod/product/20200625154646713_8809721502624_AW_01.jpg
아크릴 키링_리틀튜브,https://t1.daumcdn.net/friends/prod/product/20200710152025694_8809721502419_AW_00.jpg
아크릴 키링_리틀튜브,https://t1.daumcdn.net/friends/prod/product/20200708184731790_8809721502419_AW_01.jpg
피규어키링 차한잔튜브,https://t1.daumcdn.net/friends/prod/product/20200603133930518_8809721500149_AW_00.jpg
피규어키링 차한잔튜브,https://t1.daumcdn.net/friends/prod/product/20200603133930566_8809721500149_AW_01.jpg
피규어키링 리틀튜브,https://t1.daumcdn.net/friends/prod/product/20200703151526968_8809721500200_AW_00.jpg
피규어키링 리틀튜브,https://t1.daumcdn.net/friends/prod/product/20200703151527038_8809721500200_AW_01.jpg
마린 페이스키체인_튜브,https://t1.daumcdn.net/friends/prod/product/20200605122021350_8809721501672_AW_00.jpg
마린 페이스키체인_튜브,https://t1.daumcdn.net/friends/prod/product/20200605122021394_8809721501672_AW_01.jpg
마린 에어팟케이스 클리어_튜브,https://t1.daumcdn.net/friends/prod/product/20200810172534222_8809721501160_AW_00.jpg
마린 에어팟케이스 클리어_튜브,https://t1.daumcdn.net/friends/prod/product/20200810172534292_8809721501160_AW_01.jpg
마린 부채 튜브,https://t1.daumcdn.net/friends/prod/product/20200605114619133_8809721501412_AW_00.jpg
솔리드 에코백_튜브,https://t1.daumcdn.net/friends/prod/product/20200604144953433_8809721502266_AW_00.jpg
해피위크 젤펜 선데이튜브,https://t1.daumcdn.net/friends/prod/product/20200525144751330_8809721500576_AW_00.jpg
해피위크 젤펜 선데이튜브,https://t1.daumcdn.net/friends/prod/product/20200525144751359_8809721500576_AW_01.jpg
폴딩 미러 리틀튜브,https://t1.daumcdn.net/friends/prod/product/20200522113956157_8809681706421_AW_00.jpg
폴딩 미러 리틀튜브,https://t1.daumcdn.net/friends/prod/product/20200522113956201_8809681706421_AW_01.jpg
PVC투명여권지갑 리틀 튜브,https://t1.daumcdn.net/friends/prod/product/20200518120831366_8809681708500_AW_00.jpg
PVC투명여권지갑 리틀 튜브,https://t1.daumcdn.net/friends/prod/product/20200518120831512_8809681708500_AW_01.jpg
실리콘 네임택 리틀 튜브,https://t1.daumcdn.net/friends/prod/product/20200519114047357_8809681708449_AW_00.jpg
실리콘 네임택 리틀 튜브,https://t1.daumcdn.net/friends/prod/product/20200519114047686_8809681708449_AW_01.jpg
얌얌 페이스키체인 리틀튜브,https://t1.daumcdn.net/friends/prod/product/20200506170459423_8809721500439_AW_00.jpg
얌얌 페이스키체인 리틀튜브,https://t1.daumcdn.net/friends/prod/product/20200506170459510_8809721500439_AW_01.jpg
얌얌 동전지갑 리틀튜브,https://t1.daumcdn.net/friends/prod/product/20200506172255085_8809721500262_AW_00.jpg
얌얌 동전지갑 리틀튜브,https://t1.daumcdn.net/friends/prod/product/20200506172255125_8809721500262_AW_01.jpg
얌얌 에코백 튜브,https://t1.daumcdn.net/friends/prod/product/20200506150211431_8809681708999_AW_00.jpg
얌얌 미니 에코백 튜브,https://t1.daumcdn.net/friends/prod/product/20200506152108374_8809681709033_AW_00.jpg
얌얌 에어팟케이스 튜브,https://t1.daumcdn.net/friends/prod/product/20200810172709104_8809721500071_AW_00.jpg
얌얌 에어팟케이스 튜브,https://t1.daumcdn.net/friends/prod/product/20200810172709159_8809721500071_AW_01.jpg
얌얌 오프너 튜브,https://t1.daumcdn.net/friends/prod/product/20200506185645459_8809681709835_AW_00.jpg
얌얌 오프너 튜브,https://t1.daumcdn.net/friends/prod/product/20200506185645660_8809681709835_AW_01.jpg
카카오프렌즈 메모리 게임,https://t1.daumcdn.net/friends/prod/product/20200428160543202_8809617958696_AW_00.jpg
카카오프렌즈 메모리 게임,https://t1.daumcdn.net/friends/prod/product/20200428160543244_8809617958696_AW_01.jpg
미니페이스키링 튜브,https://t1.daumcdn.net/friends/prod/product/20200410181211982_8809681708159_AW_00.jpg
미니페이스키링 튜브,https://t1.daumcdn.net/friends/prod/product/20200410181212024_8809681708159_AW_01.jpg
베이비드리밍 러블리애착인형 튜브,https://t1.daumcdn.net/friends/prod/product/20200331164623251_8809681706872_AW_00.jpg
프렌즈스토리삭스(여성) 춘곤증,https://t1.daumcdn.net/friends/prod/product/20200331180549121_8809681709644_AW_00.jpg
아토렌프리미엄손소독젤(에탄올)500ml,https://t1.daumcdn.net/friends/prod/product/8809681709972_AW_03.jpg
아토렌프리미엄손소독젤(에탄올)500ml,https://t1.daumcdn.net/friends/prod/product/8809681709972_AW_04.jpg
파버카스텔 색연필 36색,https://t1.daumcdn.net/friends/prod/product/20200312165213903_8991761364031_8991761364031_AW_00.jpg
파버카스텔 색연필 36색,https://t1.daumcdn.net/friends/prod/product/20200312165213943_8991761364031_8991761364031_AW_01.jpg
베이비드리밍 육공다이어리내지-구름,https://t1.daumcdn.net/friends/prod/product/20200311184236213_8809681707053_AW_00.jpg
베이비드리밍 육공다이어리내지-구름,https://t1.daumcdn.net/friends/prod/product/20200312105523614_8809681707053_AW_01.jpg
베이비드리밍 육공다이어리내지-기차,https://t1.daumcdn.net/friends/prod/product/20200311183949652_8809681707046_AW_00.jpg
베이비드리밍 육공다이어리내지-기차,https://t1.daumcdn.net/friends/prod/product/20200312105550917_8809681707046_AW_01.jpg
베이비드리밍 인덱스스티커-요일표시,https://t1.daumcdn.net/friends/prod/product/20200311185623692_8809681707091_AW_00.jpg
해피위크 미니스프링노트_튜브,https://t1.daumcdn.net/friends/prod/product/20200210154123741_8809681707282_AW_00.jpg
item_title,item_img
item_title,item_img
윙크베이비필로우_제이지,https://t1.daumcdn.net/friends/prod/product/20201208113105900_8809721507308_AW_00.jpg
윙크베이비필로우_제이지,https://t1.daumcdn.net/friends/prod/product/20201208113106076_8809721507308_AW_01.jpg
윙크베이비필로우_제이지,https://t1.daumcdn.net/friends/prod/product/20201208113106115_8809721507308_AW_02.jpg
젤펜_드리밍 리틀제이지,https://t1.daumcdn.net/friends/prod/product/20200724114953044_8809721502716_AW_00.jpg
젤펜_드리밍 리틀제이지,https://t1.daumcdn.net/friends/prod/product/20200724114953081_8809721502716_AW_01.jpg
프렌즈뱃지_리틀제이지,https://t1.daumcdn.net/friends/prod/product/20200709185553552_8809721503157_AW_00.jpg
프렌즈뱃지_리틀제이지,https://t1.daumcdn.net/friends/prod/product/20200709185553584_8809721503157_AW_01.jpg
얌얌 에코백 제이지,https://t1.daumcdn.net/friends/prod/product/20200506145923994_8809681708982_AW_00.jpg
얌얌 미니 에코백 제이지,https://t1.daumcdn.net/friends/prod/product/20200506151356107_8809681709026_AW_00.jpg
카카오프렌즈 메모리 게임,https://t1.daumcdn.net/friends/prod/product/20200428160543202_8809617958696_AW_00.jpg
카카오프렌즈 메모리 게임,https://t1.daumcdn.net/friends/prod/product/20200428160543244_8809617958696_AW_01.jpg
리틀얼굴쿠션 제이지,https://t1.daumcdn.net/friends/prod/product/20200429152048282_8809681709552_AW_00.jpg
리틀얼굴쿠션 제이지,https://t1.daumcdn.net/friends/prod/product/20200429152048314_8809681709552_AW_01.jpg
에어팟케이스 리틀제이지,https://t1.daumcdn.net/friends/prod/product/20200810185840428_8809681708784_AW_00.jpg
에어팟케이스 리틀제이지,https://t1.daumcdn.net/friends/prod/product/20200810185840470_8809681708784_AW_01.jpg
파버카스텔 색연필 36색,https://t1.daumcdn.net/friends/prod/product/20200312165213903_8991761364031_8991761364031_AW_00.jpg
파버카스텔 색연필 36색,https://t1.daumcdn.net/friends/prod/product/20200312165213943_8991761364031_8991761364031_AW_01.jpg
베이비드리밍 육공다이어리내지-구름,https://t1.daumcdn.net/friends/prod/product/20200311184236213_8809681707053_AW_00.jpg
베이비드리밍 육공다이어리내지-구름,https://t1.daumcdn.net/friends/prod/product/20200312105523614_8809681707053_AW_01.jpg
베이비드리밍 육공다이어리내지-기차,https://t1.daumcdn.net/friends/prod/product/20200311183949652_8809681707046_AW_00.jpg
베이비드리밍 육공다이어리내지-기차,https://t1.daumcdn.net/friends/prod/product/20200312105550917_8809681707046_AW_01.jpg
베이비드리밍 인덱스스티커-요일표시,https://t1.daumcdn.net/friends/prod/product/20200311185623692_8809681707091_AW_00.jpg
해피위크 공부노트_목 제이지,https://t1.daumcdn.net/friends/prod/product/20200210151524037_8809681707220_AW_00.jpg
해피위크 모나미153(4입)_라이언과 친구들,https://t1.daumcdn.net/friends/prod/product/20200213115249380_8809681707626_AW_00.jpg
해피위크 모나미153(4입)_라이언과 친구들,https://t1.daumcdn.net/friends/prod/product/20200213115249423_8809681707626_AW_01.jpg
해피위크 다이어리데코스티커,https://t1.daumcdn.net/friends/prod/product/b00.jpg
해피위크 다이어리데코스티커,https://t1.daumcdn.net/friends/prod/product/b01.jpg
츄파춥스 스프링서프라이즈,https://t1.daumcdn.net/friends/prod/product/20200205142646209_8410031969795_AW_01.jpg
리틀프렌즈네임택-제이지,https://t1.daumcdn.net/friends/prod/product/20191224144202473_8809641469953_BW_00.jpg
리틀프렌즈네임택-제이지,https://t1.daumcdn.net/friends/prod/product/20191224144202618_8809641469953_BW_01.jpg
말랑허그바디쿠션_제이지,https://t1.daumcdn.net/friends/prod/product/20191113170555211_8809681700535_BW_00.jpg
말랑허그바디쿠션_제이지,https://t1.daumcdn.net/friends/prod/product/20191113170555431_8809681700535_BW_01.jpg
스티커보드No.1_디저트,https://t1.daumcdn.net/friends/prod/product/20190911105617986_8809641469700_AW_02.jpg
타이니프렌즈_제이지,https://t1.daumcdn.net/friends/prod/product/20190925152129584_8809656136635_AW_00.jpg
타이니프렌즈_제이지,https://t1.daumcdn.net/friends/prod/product/20190925152129897_8809656136635_AW_01.jpg
스케이트-하이 리이슈,https://t1.daumcdn.net/friends/prod/product/193392355169_SK8-Hi_Reissue(Chrctrylbl)_230_AW_00.jpg
임팩트 민트,https://t1.daumcdn.net/friends/prod/product/impact_mint_AW_00_ryan.jpg
임팩트 민트,https://t1.daumcdn.net/friends/prod/product/impact_mint_AW_00_apeach.jpg
임팩트 민트,https://t1.daumcdn.net/friends/prod/product/impact_mint_AW_00_muzi.jpg
임팩트 민트,https://t1.daumcdn.net/friends/prod/product/impact_mint_AW_00_neo.jpg
임팩트 민트,https://t1.daumcdn.net/friends/prod/product/impact_mint_AW_00_frodo.jpg
리틀바디필로우_제이지,https://t1.daumcdn.net/friends/prod/product/20191106114507131_8809641463111_BW_03.jpg
리틀바디필로우_제이지,https://t1.daumcdn.net/friends/prod/product/20191030151140380_8809641463111_AW_00.jpg
리틀바디필로우_제이지,https://t1.daumcdn.net/friends/prod/product/20191030151140421_8809641463111_AW_01.jpg
버블버블 세탁망 3p세트_네이비,https://t1.daumcdn.net/friends/prod/product/20191030143930316_8809656133887_AW_00.jpg
버블버블 세탁망 3p세트_네이비,https://t1.daumcdn.net/friends/prod/product/20191030143930357_8809656133887_AW_01.jpg
미니얼굴쿠션_제이지,https://t1.daumcdn.net/friends/prod/product/20191025150051221_8809641463067_AW_00.jpg
미니얼굴쿠션_제이지,https://t1.daumcdn.net/friends/prod/product/20191025150051271_8809641463067_AW_01.jpg
캐리어데코스티커-리틀 제이지,https://t1.daumcdn.net/friends/prod/product/8809641461797_AW_00.jpg
캐리어데코스티커-리틀 제이지,https://t1.daumcdn.net/friends/prod/product/8809641461797_AW_01.jpg
리틀프렌즈핸디부채-제이지,https://t1.daumcdn.net/friends/prod/product/FRPBJGLFF0019_AW_00.jpg
리틀프렌즈핸디부채-제이지,https://t1.daumcdn.net/friends/prod/product/FRPBJGLFF0019_AW_01.jpg
item_title,item_img
차량용 스티커_아기가타고있어요,https://t1.daumcdn.net/friends/prod/product/20210128155844981_8809721507742_AW_00.jpg
차량용 스티커_주유구 데코,https://t1.daumcdn.net/friends/prod/product/20210128160010769_8809721507759_AW_00.jpg
카카오프렌즈X켄트 친환경 칫솔세트(6P),https://t1.daumcdn.net/friends/prod/product/20201210161227638_8809721507124_AW_00.jpg
런던에디션 미니키체인_근위병콘,https://t1.daumcdn.net/friends/prod/product/20201019143701237_8809721504192_AW_00.jpg
런던에디션 미니키체인_근위병콘,https://t1.daumcdn.net/friends/prod/product/20201019143701370_8809721504192_AW_01.jpg
런던에디션 폰케이스,https://t1.daumcdn.net/friends/prod/product/20201019152325014_8809721504338_AW_00.jpg
스마트 체중계,https://t1.daumcdn.net/friends/prod/product/20200706135027213_%EB%8C%80%ED%91%9C%EC%9D%B4%EB%AF%B8%EC%A7%80_Scale_01.jpg
스마트 체중계,https://t1.daumcdn.net/friends/prod/product/20200706135027268_%EB%8C%80%ED%91%9C%EC%9D%B4%EB%AF%B8%EC%A7%80_Scale_02.jpg
카카오프렌즈 홈 피규어,https://t1.daumcdn.net/friends/prod/product/20200706154536198_%EB%9D%BC%EC%9D%B4%EC%96%B8_%ED%94%BC%EA%B7%9C%EC%96%B4_%EB%8C%80%ED%91%9C%EC%9D%B4%EB%AF%B8%EC%A7%801.jpg
카카오프렌즈 홈 피규어,https://t1.daumcdn.net/friends/prod/product/20200706154536307_%EC%96%B4%ED%94%BC%EC%B9%98_%ED%94%BC%EA%B7%9C%EC%96%B4_%EB%8C%80%ED%91%9C%EC%9D%B4%EB%AF%B8%EC%A7%801.jpg
프렌즈뱃지_스마트 콘,https://t1.daumcdn.net/friends/prod/product/20200709185409783_8809721503072_AW_00.jpg
프렌즈뱃지_스마트 콘,https://t1.daumcdn.net/friends/prod/product/20200709185409828_8809721503072_AW_01.jpg
실리콘 동전지갑_리틀콘,https://t1.daumcdn.net/friends/prod/product/20200708152006566_8809721502563_AW_00.jpg
마린 에어팟키링_무지&콘,https://t1.daumcdn.net/friends/prod/product/20200604114755876_8809721501139_AW_00.jpg
마린 에어팟키링_무지&콘,https://t1.daumcdn.net/friends/prod/product/20200604114755913_8809721501139_AW_01.jpg
마린 스트라이프 페이크삭스 콘,https://t1.daumcdn.net/friends/prod/product/20200604144402584_8809721501313_AW_00.jpg
베이비드리밍 피규어키체인 무지,https://t1.daumcdn.net/friends/prod/product/20200423180103581_8809681706841_AW_00_(1).jpg
베이비드리밍 피규어키체인 무지,https://t1.daumcdn.net/friends/prod/product/20200423180103728_8809681706841_AW_01_(1).jpg
핸드클린손소독제(에탄올겔),https://t1.daumcdn.net/friends/prod/product/20200513114659491_8809721501825_AW_00.jpg
핸드클린손소독제(에탄올겔),https://t1.daumcdn.net/friends/prod/product/20200518135512209_8809721501825_AW_01.jpg
카카오프렌즈 메모리 게임,https://t1.daumcdn.net/friends/prod/product/20200428160543202_8809617958696_AW_00.jpg
카카오프렌즈 메모리 게임,https://t1.daumcdn.net/friends/prod/product/20200428160543244_8809617958696_AW_01.jpg
레몬테라스 종이방향제 카드세트 콘,https://t1.daumcdn.net/friends/prod/product/20200424162945846_8809681708678_AW_00.jpg
레몬테라스 종이방향제 카드세트 콘,https://t1.daumcdn.net/friends/prod/product/20200424162945928_8809681708678_AW_01.jpg
에어팟케이스 리틀콘,https://t1.daumcdn.net/friends/prod/product/20200810185929419_8809681708746_AW_00.jpg
에어팟케이스 리틀콘,https://t1.daumcdn.net/friends/prod/product/20200810185929484_8809681708746_AW_01.jpg
프렌즈미디움삭스(공용) 해피토요일,https://t1.daumcdn.net/friends/prod/product/20200331175534175_8809681709736_AW_00.jpg
프렌즈미디움삭스(공용) 해피토요일,https://t1.daumcdn.net/friends/prod/product/20200331175534214_8809681709736_AW_01.jpg
프렌즈미디움삭스(공용) 해피위크,https://t1.daumcdn.net/friends/prod/product/20200331175657701_8809681709743_AW_00.jpg
프렌즈미디움삭스(공용) 해피위크,https://t1.daumcdn.net/friends/prod/product/20200331175657793_8809681709743_AW_01.jpg
프렌즈스토리삭스(여성) 레몬프렌즈,https://t1.daumcdn.net/friends/prod/product/20200331180221593_8809681709668_%ED%94%84%EB%A0%8C%EC%A6%88%EC%8A%A4%ED%86%A0%EB%A6%AC%EC%82%AD%EC%8A%A4(%EC%97%AC%EC%84%B1)_%EB%A0%88%EB%AA%AC%ED%94%84%EB%A0%8C%EC%A6%88.jpg
프렌즈스토리삭스(여성) 레몬트리,https://t1.daumcdn.net/friends/prod/product/20200331180401948_8809681709651_AW_00.jpg
프렌즈스토리삭스(여성) 방콕타임,https://t1.daumcdn.net/friends/prod/product/20200331180901311_8809681709620_AW_00.jpg
에어팟케이스 해피위크-무지&콘,https://t1.daumcdn.net/friends/prod/product/20200810172919806_8809681708814_AW_00.jpg
에어팟케이스 해피위크-무지&콘,https://t1.daumcdn.net/friends/prod/product/20200810172919858_8809681708814_AW_01.jpg
파버카스텔 색연필 36색,https://t1.daumcdn.net/friends/prod/product/20200312165213903_8991761364031_8991761364031_AW_00.jpg
파버카스텔 색연필 36색,https://t1.daumcdn.net/friends/prod/product/20200312165213943_8991761364031_8991761364031_AW_01.jpg
베이비드리밍 육공다이어리내지-구름,https://t1.daumcdn.net/friends/prod/product/20200311184236213_8809681707053_AW_00.jpg
베이비드리밍 육공다이어리내지-구름,https://t1.daumcdn.net/friends/prod/product/20200312105523614_8809681707053_AW_01.jpg
베이비드리밍 육공다이어리내지-기차,https://t1.daumcdn.net/friends/prod/product/20200311183949652_8809681707046_AW_00.jpg
베이비드리밍 육공다이어리내지-기차,https://t1.daumcdn.net/friends/prod/product/20200312105550917_8809681707046_AW_01.jpg
해피위크 모나미153(4입)_라이언과 친구들,https://t1.daumcdn.net/friends/prod/product/20200213115249380_8809681707626_AW_00.jpg
해피위크 모나미153(4입)_라이언과 친구들,https://t1.daumcdn.net/friends/prod/product/20200213115249423_8809681707626_AW_01.jpg
해피위크 다이어리데코스티커,https://t1.daumcdn.net/friends/prod/product/b00.jpg
해피위크 다이어리데코스티커,https://t1.daumcdn.net/friends/prod/product/b01.jpg
츄파춥스 스프링서프라이즈,https://t1.daumcdn.net/friends/prod/product/20200205142646209_8410031969795_AW_01.jpg
스티커보드No.1_디저트,https://t1.daumcdn.net/friends/prod/product/20190911105617986_8809641469700_AW_02.jpg
슬립온,"https://t1.daumcdn.net/friends/prod/product/193392358832_Classic_Slip-On(Con,Pdgbl)_230_AW_00.jpg"
스케이트-하이 리이슈,https://t1.daumcdn.net/friends/prod/product/193392355169_SK8-Hi_Reissue(Chrctrylbl)_230_AW_00.jpg
버블버블 세탁망 3p세트_네이비,https://t1.daumcdn.net/friends/prod/product/20191030143930316_8809656133887_AW_00.jpg
버블버블 세탁망 3p세트_네이비,https://t1.daumcdn.net/friends/prod/product/20191030143930357_8809656133887_AW_01.jpg
버블버블 세탁망 3p세트_핑크,https://t1.daumcdn.net/friends/prod/product/20191030143941423_8809656133894_AW_00.jpg
버블버블 세탁망 3p세트_핑크,https://t1.daumcdn.net/friends/prod/product/20191030143941478_8809656133894_AW_01.jpg
item_title,item_img
item_title,item_img
item_title,item_img
item_title,item_img
item_title,item_img
item_title,item_img
item_title,item_img
item_title,item_img
item_title,item_img
item_title,item_img
item_title,item_img
item_title,item_img
item_title,item_img
item_title,item_img
item_title,item_img
item_title,item_img
item_title,item_img
item_title,item_img
item_title,item_img
item_title,item_img
item_title,item_img
item_title,item_img
item_title,item_img
